-- Tạo cơ sở dữ liệu
CREATE DATABASE DataHotel
go
USE DataHotel
go
-- Bảng Loại Phòng
CREATE TABLE RoomTypes (
    room_type_id INT PRIMARY KEY,          -- ID duy nhất cho loại phòng
    room_type_name VARCHAR(50) NOT NULL,   -- Tên loại phòng (ví dụ: Standard, Deluxe, Suite)
    description TEXT,                       -- Mô tả về loại phòng
    price DECIMAL(10, 2)                    -- Giá tiền của loại phòng
	-- khóa ngoại Khách sạn
);

-- Bảng Khách sạn
CREATE TABLE Hotels (
    hotel_id INT PRIMARY KEY,               -- ID duy nhất cho khách sạn
    hotel_name VARCHAR(100) NOT NULL,       -- Tên khách sạn
    address VARCHAR(200),                   -- Địa chỉ của khách sạn
    phone_number VARCHAR(20),               -- Số điện thoại liên hệ của khách sạn
    description TEXT,                       -- Mô tả về khách sạn
    amenities TEXT,                         -- Tiện nghi tại khách sạn
    rating DECIMAL(3, 2)                    -- Điểm đánh giá của khách sạn
);
--Địa điểm

-- Bảng Phòng
CREATE TABLE Rooms (
    room_id INT PRIMARY KEY,                -- ID duy nhất cho phòng
    hotel_id INT,                           -- Khóa ngoại liên kết với bảng Khách sạn
    room_type_id INT,                       -- Khóa ngoại liên kết với bảng Loại Phòng
    room_number VARCHAR(10),                -- Số phòng
    status bit,                             -- Trạng thái phòng (đã đặt, trống)

    description TEXT,                       -- Mô tả về phòng
    -- FOREIGN KEY (hotel_id) REFERENCES Hotels(hotel_id),
    FOREIGN KEY (room_type_id) REFERENCES RoomTypes(room_type_id)
);

-- Bảng Người dùng
CREATE TABLE Users (
    user_id INT PRIMARY KEY,                -- ID duy nhất cho người dùng
    username VARCHAR(50) NOT NULL,          -- Tên người dùng
    email VARCHAR(100),                     -- Địa chỉ email của người dùng
    [password] VARCHAR(100),                -- Mật khẩu (được lưu dưới dạng mã hóa)
    phone_number VARCHAR(20),               -- Số điện thoại của người dùng
    access_level ENUM('user', 'admin', ) DEFAULT 'trống'                        -- Quyền truy cập (người dùng thường, quản trị viên)
);

-- Bảng Đặt phòng
CREATE TABLE Bookings (
    booking_id INT PRIMARY KEY,             -- ID duy nhất cho đặt phòng
    user_id INT,                            -- Khóa ngoại liên kết với bảng Người dùng
    room_id INT,                            -- Khóa ngoại liên kết với bảng Phòng
    booking_date DATE,                      -- Ngày đặt phòng
    checkin_date DATE,                      -- Ngày nhận phòng
    checkout_date DATE,                     -- Ngày trả phòng
    payment_status bit,                     -- Trạng thái thanh toán
    total_price DECIMAL(10, 2),             -- Tổng giá đặt phòng
    FOREIGN KEY (user_id) REFERENCES Users(user_id),
    FOREIGN KEY (room_id) REFERENCES Rooms(room_id)
);

-- Bảng Thanh toán
CREATE TABLE Payments (
    payment_id INT PRIMARY KEY,			    -- ID duy nhất cho thanh toán
    booking_id INT,                         -- Khóa ngoại liên kết với bảng Đặt phòng
    payment_date DATE,                      -- Ngày thanh toán
    total_amount DECIMAL(10, 2),            -- Tổng tiền thanh toán
    payment_method VARCHAR(50),             -- Phương thức thanh toán
    FOREIGN KEY (booking_id) REFERENCES Bookings(booking_id)
);

-- Dữ liệu thật cho bảng Loại Phòng
INSERT INTO RoomTypes (room_type_id, room_type_name, description, price)
VALUES
    (1, 'Standard', 'Basic room with essential amenities', 100.00),
    (2, 'Deluxe', 'Spacious room with upgraded features', 150.00),
    (3, 'Suite', 'Luxurious suite with separate living area', 250.00),
    (4, 'Family', 'Room suitable for families with children', 180.00),
    (5, 'Executive', 'Premium room with additional amenities', 200.00),
    (6, 'Bungalow', 'Private bungalow for a cozy stay', 180.00),
    (7, 'Penthouse', 'Top-floor suite with panoramic views', 350.00),
    (8, 'Villa', 'Spacious villa with private garden', 300.00),
    (9, 'Cottage', 'Quaint cottage with rustic charm', 130.00),
    (10, 'Beachfront', 'Room right on the beach for a tropical experience', 220.00);
-- Dữ liệu cho bảng Khách sạn
INSERT INTO Hotels (hotel_id, hotel_name, address, phone_number, description, amenities, rating)
VALUES
    (1, 'Grand Hotel', '123 Main Street, City', '123-456-7890', 'A luxurious hotel in the heart of the city', 'Spa, Gym, Restaurant', 4.5),
    (2, 'Seaside Resort', '456 Beach Road, Coastal Town', '987-654-3210', 'A relaxing resort by the sea', 'Private Beach, Pool, Water Sports', 4.2),
    (3, 'Mountain Lodge', '789 Mountain View, Hillside', '555-123-4567', 'Cozy lodge nestled in the mountains', 'Fireplace, Hiking Trails', 4.0),
    (4, 'Urban Oasis', '100 Downtown Avenue, City', '555-987-6543', 'Modern hotel with city views', 'Rooftop Bar, Fitness Center', 4.3),
    (5, 'Lakeview Retreat', '200 Lakeside Drive, Countryside', '888-555-1234', 'Tranquil retreat with lakeside views', 'Fishing, Kayaking, Spa', 4.7),
    (6, 'Historic Inn', '300 Old Town Street, Village', '555-789-4561', 'Charming inn in a historic village', 'Antique Decor, Tea Room', 4.1),
    (7, 'Tropical Paradise Resort', '789 Palm Beach, Tropical Island', '123-555-7890', 'Exotic resort surrounded by palm trees', 'Beachfront, Poolside Cabanas', 4.6),
    (8, 'Alpine Chalet', '400 Snowpeak Road, Mountains', '555-333-7777', 'Cozy chalet in the alpine mountains', 'Skiing, Fireplace, Sauna', 4.4),
    (9, 'Luxury Suites', '500 Highrise Avenue, City', '555-888-2222', 'Elegant suites with city skyline views', 'Spa, Gourmet Dining', 4.8),
    (10, 'Countryside Farmstay', '600 Farm Road, Countryside', '555-222-4444', 'Experience farm life in the countryside', 'Farm Tours, Fresh Produce', 4.2),
    (11, 'Sunset Beach Resort', '700 Sunset Boulevard, Coastal Town', '555-444-6666', 'Picturesque resort with stunning sunsets', 'Beachfront, Beach Bar', 4.9),
    (12, 'Rustic Cabins', '800 Woodsy Lane, Forest', '555-666-8888', 'Rustic cabins nestled in the forest', 'Nature Trails, Campfire', 3.9),
    (13, 'City Center Suites', '900 Central Avenue, City', '555-777-5555', 'Modern suites in the heart of downtown', 'Business Center, Rooftop Pool', 4.5),
    (14, 'Coastal Clifftop Villas', '1000 Clifftop Road, Coastal Town', '555-111-3333', 'Villas with breathtaking coastal views', 'Clifftop Pool, Seafood Restaurant', 4.7),
    (15, 'Historic Mansion', '1100 Heritage Street, Historic District', '555-999-1111', 'Stay in a luxurious historic mansion', 'Antique Furnishings, Garden', 4.6),
    (16, 'Mountain Adventure Lodge', '1200 Adventure Road, Mountains', '555-222-4444', 'Lodge for outdoor enthusiasts', 'Hiking, Rock Climbing', 4.2),
    (17, 'Desert Oasis Resort', '1300 Oasis Boulevard, Desert', '555-444-6666', 'Resort in the middle of the desert', 'Swimming Pool, Desert Safari', 4.3),
    (18, 'Riverfront Retreat', '1400 River Road, Riverside', '555-666-8888', 'Relax by the river at this peaceful retreat', 'Fishing, Riverside Dining', 4.1),
    (19, 'Modern Art Hotel', '1500 Art Street, Artsy District', '555-777-5555', 'Hotel with a creative and artsy vibe', 'Art Gallery, Art-Themed Rooms', 4.4),
    (20, 'Ski Lodge', '1600 Snowy Peaks Road, Ski Resort', '555-888-2222', 'Ideal lodge for skiers and snowboarders', 'Ski Rentals, Après-Ski Bar', 4.0),
    (21, 'Tranquil Hideaway', '1700 Serene Lane, Countryside', '555-222-4444', 'Escape to a peaceful hideaway', 'Nature Walks, Meditation', 4.6),
    (22, 'Urban Loft Suites', '1800 Loft Avenue, City', '555-444-6666', 'Chic loft-style suites in the city', 'Modern Design, City Views', 4.3),
    (23, 'Mediterranean Paradise', '1900 Oceanfront Road, Coastal Town', '555-666-8888', 'Experience the beauty of the Mediterranean', 'Infinity Pool, Beachfront Dining', 4.7),
    (24, 'Rustic Lakeside Cabins', '2000 Lakeside Lane, Lake District', '555-888-2222', 'Quaint cabins by the lakeside', 'Fishing, Lakeside Campfire', 4.1),
    (25, 'Historic Riverside Inn', '2100 Riverside Street, Historic District', '555-111-3333', 'Stay in a charming riverside inn', 'Riverside Garden, Vintage Decor', 4.5),
    (26, 'Golf Resort', '2200 Fairway Drive, Golf Course', '555-999-1111', 'Resort with stunning golf course views', '18-Hole Golf Course, Golf Lessons', 4.8),
    (27, 'Zen Retreat', '2300 Zen Garden Road, Tranquil Village', '555-222-4444', 'Find peace and relaxation in this zen retreat', 'Meditation Classes, Yoga Studio', 4.4),
    (28, 'Tropical Jungle Resort', '2400 Jungle Avenue, Rainforest', '555-444-6666', 'Immerse yourself in the tropical rainforest', 'Jungle Treks, Canopy Walk', 4.2),
    (29, 'Country Cottage Inn', '2500 Cottage Road, Countryside', '555-666-8888', 'Quaint country cottages for a cozy stay', 'Homemade Breakfast, Country Views', 4.0),
    (30, 'Skyline Suites', '2600 Skyline Tower, City', '555-888-2222', 'Luxurious suites with stunning skyline views', 'Sky Lounge, Rooftop Pool', 4.9),
    (31, 'Eco-Friendly Retreat', '2700 Eco Lane, Nature Reserve', '555-111-3333', 'Stay in harmony with nature at this eco-retreat', 'Solar Power, Organic Garden', 4.5),
    (32, 'Harborfront Hotel', '2800 Harbor Drive, Waterfront', '555-999-1111', 'Hotel with picturesque harbor views', 'Waterfront Dining, Marina', 4.3),
    (33, 'Countryside Vineyard Estate', '2900 Vineyard Road, Wine Country', '555-222-4444', 'Experience the charm of a vineyard estate', 'Wine Tasting, Vineyard Tours', 4.6),
    (34, 'Modern Urban Apartments', '3000 Urban Street, City', '555-444-6666', 'Contemporary apartments in the heart of the city', 'Modern Amenities, Urban Living', 4.1),
    (35, 'Serenity Spa Retreat', '3100 Spa Lane, Tranquil Oasis', '555-666-8888', 'Relax and rejuvenate at this spa retreat', 'Spa Treatments, Meditation Garden', 4.7),
    (36, 'Savannah Colonial Inn', '3200 Colonial Avenue, Historic District', '555-888-2222', 'Stay in a colonial-style inn in historic Savannah', 'Southern Hospitality, Colonial Decor', 4.2),
    (37, 'Beachfront Bungalows', '3300 Beachfront Road, Coastal Paradise', '555-111-3333', 'Bungalows right on the sandy beach', 'Beachfront Hammocks, Sea Views', 4.8),
    (38, 'Mystical Mountain Lodge', '3400 Enchanted Road, Mystical Mountains', '555-999-1111', 'Lodge surrounded by the magic of the mountains', 'Crystal Shop, Mystical Workshops', 4.4),
    (39, 'City Skyline Hotel', '3500 Skyscraper Avenue, City', '555-222-4444', 'Hotel with stunning views of the city skyline', 'Skyline Restaurant, Sky Lounge', 4.3),
    (40, 'Elegant Manor House', '3600 Manor Road, Countryside', '555-444-6666', 'Elegant manor house in the countryside', 'Manicured Gardens, High Tea', 4.5);

	-- Dữ liệu thật cho bảng Phòng
INSERT INTO Rooms (room_id, hotel_id, room_type_id, room_number, status, description)
VALUES
    (1, 1, 1, '101', 1, 'Cozy standard room with city view'),
    (2, 1, 2, '102', 1, 'Deluxe room with king-sized bed'),
    (3, 1, 3, '103', 1, 'Luxurious suite with living area'),
    (4, 2, 2, '201', 1, 'Spacious deluxe room with ocean view'),
    (5, 2, 4, '202', 1, 'Family room with two double beds'),
    (6, 2, 6, '203', 1, 'Private bungalow near the beach'),
    (7, 3, 1, '301', 1, 'Standard room with mountain view'),
    (8, 3, 3, '302', 1, 'Luxury suite with fireplace'),
    (9, 3, 5, '303', 1, 'Executive room with spa access'),
    (10, 4, 2, '401', 1, 'Deluxe room with city skyline view'),
    (11, 4, 7, '402', 1, 'Penthouse suite with panoramic city view'),
    (12, 4, 8, '403', 1, 'Spacious villa with garden'),
    (13, 5, 1, '501', 1, 'Standard room with lake view'),
    (14, 5, 4, '502', 1, 'Family room with lakeside view'),
    (15, 5, 10, '503', 1, 'Beachfront room with private balcony'),
    (16, 6, 1, '101A', 1, 'Cozy standard room with vintage decor'),
    (17, 6, 5, '102A', 1, 'Executive room with antique furnishings'),
    (18, 6, 9, '103A', 1, 'Charming cottage-style room'),
    (19, 7, 3, '201A', 1, 'Luxurious suite with ocean view'),
    (20, 7, 6, '202A', 1, 'Private bungalow steps from the beach'),
    (21, 8, 2, '301A', 1, 'Deluxe room with mountain view'),
    (22, 8, 4, '302A', 1, 'Family room with fireplace'),
    (23, 8, 8, '303A', 1, 'Spacious villa with panoramic views'),
    (24, 9, 1, '401A', 1, 'Standard room with city view'),
    (25, 9, 3, '402A', 1, 'Luxury suite with modern amenities'),
    (26, 9, 10, '403A', 1, 'Beachfront room with stunning sunset views'),
    (27, 10, 2, '501A', 1, 'Deluxe room with garden view'),
    (28, 10, 5, '502A', 1, 'Executive room with private balcony'),
    (29, 10, 9, '503A', 1, 'Quaint cottage room surrounded by nature'),
	(30, 4, 2, '301A', 1, 'Deluxe room with mountain view'),
    (31, 4, 6, '302A', 1, 'Private bungalow near the beach'),
    (32, 4, 8, '303A', 1, 'Spacious villa with garden'),
    (33, 5, 1, '401A', 1, 'Standard room with city view'),
    (34, 5, 3, '402A', 1, 'Luxury suite with modern amenities'),
    (35, 5, 10, '403A', 1, 'Beachfront room with private balcony'),
    (36, 6, 2, '101B', 1, 'Deluxe room with ocean view'),
    (37, 6, 5, '102B', 1, 'Executive room with private balcony'),
    (38, 6, 9, '103B', 1, 'Quaint cottage room surrounded by nature'),
    (39, 7, 3, '201B', 1, 'Luxurious suite with ocean view'),
    (40, 7, 6, '202B', 1, 'Private bungalow steps from the beach'),
    (41, 7, 10, '203B', 1, 'Beachfront room with stunning sunset views'),
    (42, 8, 1, '301B', 1, 'Standard room with city view'),
    (43, 8, 4, '302B', 1, 'Family room with lakeside view'),
    (44, 8, 10, '303B', 1, 'Beachfront room with private balcony'),
    (45, 9, 2, '401B', 1, 'Deluxe room with city skyline view'),
    (46, 9, 7, '402B', 1, 'Penthouse suite with panoramic city view'),
    (47, 9, 8, '403B', 1, 'Spacious villa with private garden'),
    (48, 10, 1, '501B', 1, 'Standard room with city view'),
    (49, 10, 3, '502B', 1, 'Luxury suite with modern amenities'),
    (50, 10, 10, '503B', 1, 'Beachfront room with private balcony'),
    (51, 11, 2, '101C', 1, 'Deluxe room with garden view'),
    (52, 11, 5, '102C', 1, 'Executive room with private balcony'),
    (53, 11, 9, '103C', 1, 'Quaint cottage room surrounded by nature'),
    (54, 12, 3, '201C', 1, 'Luxurious suite with ocean view'),
    (55, 12, 6, '202C', 1, 'Private bungalow steps from the beach'),
    (56, 12, 10, '203C', 1, 'Beachfront room with stunning sunset views'),
    (57, 13, 1, '301C', 1, 'Standard room with city view'),
    (58, 13, 4, '302C', 1, 'Family room with lakeside view'),
    (59, 13, 10, '303C', 1, 'Beachfront room with private balcony'),
    (60, 14, 2, '401C', 1, 'Deluxe room with city skyline view'),
    (61, 14, 7, '402C', 1, 'Penthouse suite with panoramic city view'),
    (62, 14, 8, '403C', 1, 'Spacious villa with private garden'),
    (63, 15, 1, '501C', 1, 'Standard room with city view'),
    (64, 15, 3, '502C', 1, 'Luxury suite with modern amenities'),
    (65, 15, 10, '503C', 1, 'Beachfront room with private balcony'),
    (66, 16, 2, '101D', 1, 'Deluxe room with garden view'),
    (67, 16, 5, '102D', 1, 'Executive room with private balcony'),
    (68, 16, 9, '103D', 1, 'Quaint cottage room surrounded by nature'),
    (69, 17, 3, '201D', 1, 'Luxurious suite with ocean view'),
    (70, 17, 6, '202D', 1, 'Private bungalow steps from the beach'),
    (71, 17, 10, '203D', 1, 'Beachfront room with stunning sunset views'),
    (72, 18, 1, '301D', 1, 'Standard room with city view'),
    (73, 18, 4, '302D', 1, 'Family room with lakeside view'),
    (74, 18, 10, '303D', 1, 'Beachfront room with private balcony'),
    (75, 19, 2, '401D', 1, 'Deluxe room with city skyline view'),
    (76, 19, 7, '402D', 1, 'Penthouse suite with panoramic city view'),
    (77, 19, 8, '403D', 1, 'Spacious villa with private garden'),
    (78, 20, 1, '501D', 1, 'Standard room with city view'),
    (79, 20, 3, '502D', 1, 'Luxury suite with modern amenities'),
    (80, 20, 10, '503D', 1, 'Beachfront room with private balcony'),
    (81, 21, 2, '101E', 1, 'Deluxe room with garden view'),
    (82, 21, 5, '102E', 1, 'Executive room with private balcony'),
    (83, 21, 9, '103E', 1, 'Quaint cottage room surrounded by nature'),
    (84, 22, 3, '201E', 1, 'Luxurious suite with ocean view'),
    (85, 22, 6, '202E', 1, 'Private bungalow steps from the beach'),
    (86, 22, 10, '203E', 1, 'Beachfront room with stunning sunset views'),
    (87, 23, 1, '301E', 1, 'Standard room with city view'),
    (88, 23, 4, '302E', 1, 'Family room with lakeside view'),
    (89, 23, 10, '303E', 1, 'Beachfront room with private balcony'),
    (90, 24, 2, '401E', 1, 'Deluxe room with city skyline view'),
    (91, 24, 7, '402E', 1, 'Penthouse suite with panoramic city view'),
    (92, 24, 8, '403E', 1, 'Spacious villa with private garden'),
    (93, 25, 1, '501E', 1, 'Standard room with city view'),
    (94, 25, 3, '502E', 1, 'Luxury suite with modern amenities'),
    (95, 25, 10, '503E', 1, 'Beachfront room with private balcony'),
    (96, 26, 2, '101F', 1, 'Deluxe room with garden view'),
    (97, 26, 5, '102F', 1, 'Executive room with private balcony'),
    (98, 26, 9, '103F', 1, 'Quaint cottage room surrounded by nature'),
    (99, 27, 3, '201F', 1, 'Luxurious suite with ocean view'),
    (100, 27, 6, '202F', 1, 'Private bungalow steps from the beach'),
    (101, 27, 10, '203F', 1, 'Beachfront room with stunning sunset views'),
    (102, 28, 1, '301F', 1, 'Standard room with city view'),
    (103, 28, 4, '302F', 1, 'Family room with lakeside view'),
    (104, 28, 10, '303F', 1, 'Beachfront room with private balcony'),
    (105, 29, 2, '401F', 1, 'Deluxe room with city skyline view'),
    (106, 29, 7, '402F', 1, 'Penthouse suite with panoramic city view'),
    (107, 29, 8, '403F', 1, 'Spacious villa with private garden'),
    (108, 30, 1, '501F', 1, 'Standard room with city view'),
    (109, 30, 3, '502F', 1, 'Luxury suite with modern amenities'),
    (110, 30, 10, '503F', 1, 'Beachfront room with private balcony');
	(111, 11, 5, '110B', 1, 'Executive room with spa access'),
    (112, 12, 2, '201B', 1, 'Deluxe room with ocean view'),
    (113, 12, 6, '202B', 1, 'Private bungalow steps from the beach'),
    (114, 12, 10, '203B', 1, 'Beachfront room with stunning sunset views'),
    (115, 13, 1, '301B', 1, 'Standard room with city view'),
    (116, 13, 4, '302B', 1, 'Family room with lakeside view'),
    (117, 13, 10, '303B', 1, 'Beachfront room with private balcony'),
    (118, 14, 2, '401B', 1, 'Deluxe room with city skyline view'),
    (119, 14, 7, '402B', 1, 'Penthouse suite with panoramic city view'),
    (120, 14, 8, '403B', 1, 'Spacious villa with private garden'),
    (121, 15, 1, '501B', 1, 'Standard room with city view'),
    (122, 15, 3, '502B', 1, 'Luxury suite with modern amenities'),
    (123, 15, 10, '503B', 1, 'Beachfront room with private balcony'),
    (124, 16, 2, '101C', 1, 'Deluxe room with garden view'),
    (125, 16, 5, '102C', 1, 'Executive room with private balcony'),
    (126, 16, 9, '103C', 1, 'Quaint cottage room surrounded by nature'),
    (127, 17, 3, '201C', 1, 'Luxurious suite with ocean view'),
    (128, 17, 6, '202C', 1, 'Private bungalow steps from the beach'),
    (129, 17, 10, '203C', 1, 'Beachfront room with stunning sunset views'),
    (130, 18, 1, '301C', 1, 'Standard room with city view'),
    (131, 18, 4, '302C', 1, 'Family room with lakeside view'),
    (132, 18, 10, '303C', 1, 'Beachfront room with private balcony'),
    (133, 19, 2, '401C', 1, 'Deluxe room with city skyline view'),
    (134, 19, 7, '402C', 1, 'Penthouse suite with panoramic city view'),
    (135, 19, 8, '403C', 1, 'Spacious villa with private garden'),
    (136, 20, 1, '501C', 1, 'Standard room with city view'),
    (137, 20, 3, '502C', 1, 'Luxury suite with modern amenities'),
    (138, 20, 10, '503C', 1, 'Beachfront room with private balcony'),
	(139, 28, 9, '104E', 1, 'Quaint cottage room surrounded by nature'),
    (140, 29, 3, '202E', 1, 'Luxurious suite with ocean view'),
    (141, 29, 6, '203E', 1, 'Private bungalow steps from the beach'),
    (142, 29, 10, '204E', 1, 'Beachfront room with stunning sunset views'),
    (143, 30, 1, '302E', 1, 'Standard room with city view'),
    (144, 30, 4, '303E', 1, 'Family room with lakeside view'),
    (145, 30, 10, '304E', 1, 'Beachfront room with private balcony'),
    (146, 31, 2, '102F', 1, 'Deluxe room with city skyline view'),
    (147, 31, 7, '103F', 1, 'Penthouse suite with panoramic city view'),
    (148, 31, 8, '104F', 1, 'Spacious villa with private garden'),
    (149, 32, 1, '202F', 1, 'Standard room with city view'),
    (150, 32, 3, '203F', 1, 'Luxury suite with modern amenities'),
    (151, 32, 10, '204F', 1, 'Beachfront room with private balcony'),
    (152, 33, 2, '302F', 1, 'Deluxe room with garden view'),
    (153, 33, 5, '303F', 1, 'Executive room with private balcony'),
    (154, 33, 9, '304F', 1, 'Quaint cottage room surrounded by nature'),
    (155, 34, 3, '102A', 1, 'Luxurious suite with ocean view'),
    (156, 34, 6, '103A', 1, 'Private bungalow steps from the beach'),
    (157, 34, 10, '104A', 1, 'Beachfront room with stunning sunset views'),
    (158, 35, 1, '202A', 1, 'Standard room with city view'),
    (159, 35, 4, '203A', 1, 'Family room with lakeside view'),
    (160, 35, 10, '204A', 1, 'Beachfront room with private balcony'),
    (161, 36, 2, '302A', 1, 'Deluxe room with city skyline view'),
    (162, 36, 7, '303A', 1, 'Penthouse suite with panoramic city view'),
    (163, 36, 8, '304A', 1, 'Spacious villa with private garden'),
    (164, 37, 1, '102B', 1, 'Standard room with city view'),
    (165, 37, 3, '103B', 1, 'Luxury suite with modern amenities'),
    (166, 37, 10, '104B', 1, 'Beachfront room with private balcony'),
    (167, 38, 2, '202B', 1, 'Deluxe room with garden view'),
    (168, 38, 5, '203B', 1, 'Executive room with private balcony'),
    (169, 38, 9, '204B', 1, 'Quaint cottage room surrounded by nature'),
    (170, 39, 3, '302B', 1, 'Luxurious suite with ocean view'),
    (171, 16, 1, '101B', 1, 'Cozy standard room with forest view'),
    (172, 16, 6, '102B', 1, 'Private bungalow surrounded by nature'),
    (173, 17, 2, '201B', 1, 'Deluxe room with mountain view'),
    (174, 17, 4, '202B', 1, 'Family room with fireplace'),
    (175, 17, 8, '203B', 1, 'Spacious villa with panoramic views'),
    (176, 18, 1, '301B', 1, 'Standard room with river view'),
    (177, 18, 3, '302B', 1, 'Luxury suite with modern amenities'),
    (178, 18, 10, '303B', 1, 'Beachfront room with private balcony'),
    (179, 19, 2, '401B', 1, 'Deluxe room with garden view'),
    (180, 19, 5, '402B', 1, 'Executive room with private balcony'),
    (181, 19, 9, '403B', 1, 'Quaint cottage room surrounded by nature'),
    (182, 20, 1, '501B', 1, 'Standard room with city view'),
    (183, 20, 4, '502B', 1, 'Family room with lakeside view'),
    (184, 20, 10, '503B', 1, 'Beachfront room with stunning sunset views'),
    (185, 20, 9, '301D', 1, 'Quaint cottage room surrounded by nature'),
    (186, 20, 10, '302D', 1, 'Beachfront room with stunning sunset views'),
    (187, 21, 1, '401D', 1, 'Standard room with city view'),
    (188, 21, 2, '402D', 1, 'Deluxe room with king-sized bed'),
    (189, 21, 4, '403D', 1, 'Family room with two double beds'),
    (190, 22, 2, '101E', 1, 'Spacious deluxe room with ocean view'),
    (191, 22, 6, '102E', 1, 'Private bungalow near the beach'),
    (192, 22, 8, '103E', 1, 'Spacious villa with garden'),
    (193, 23, 1, '201E', 1, 'Standard room with mountain view'),
    (194, 23, 3, '202E', 1, 'Luxury suite with fireplace'),
    (195, 23, 5, '203E', 1, 'Executive room with spa access'),
    (196, 24, 2, '301E', 1, 'Deluxe room with city skyline view'),
    (197, 24, 7, '302E', 1, 'Penthouse suite with panoramic city view'),
    (198, 24, 9, '303E', 1, 'Charming cottage-style room'),
    (199, 25, 3, '401E', 1, 'Luxurious suite with ocean view'),
    (200, 25, 6, '402E', 1, 'Private bungalow steps from the beach');


	-- Dữ liệu cho bảng Người dùng
INSERT INTO Users (user_id, username, email, password, phone_number, access_level)
VALUES
    (1, 'user1', 'user1@example.com', 'hashed_password_1', '1234567890', 0),
    (2, 'user2', 'user2@example.com', 'hashed_password_2', '2345678901', 0),
    (3, 'user3', 'user3@example.com', 'hashed_password_3', '3456789012', 0),
    (4, 'user4', 'user4@example.com', 'hashed_password_4', '4567890123', 0),
    (5, 'user5', 'user5@example.com', 'hashed_password_5', '5678901234', 0),
    (6, 'user6', 'user6@example.com', 'hashed_password_6', '6789012345', 0),
    (7, 'user7', 'user7@example.com', 'hashed_password_7', '7890123456', 0),
    (8, 'user8', 'user8@example.com', 'hashed_password_8', '8901234567', 0),
    (9, 'user9', 'user9@example.com', 'hashed_password_9', '9012345678', 0),
    (10, 'user10', 'user10@example.com', 'hashed_password_10', '0123456789', 0),
    (11, 'admin1', 'admin1@example.com', 'hashed_admin_password_1', '1111111111', 1),
    (12, 'admin2', 'admin2@example.com', 'hashed_admin_password_2', '2222222222', 1),
    (13, 'admin3', 'admin3@example.com', 'hashed_admin_password_3', '3333333333', 1),
    (14, 'admin4', 'admin4@example.com', 'hashed_admin_password_4', '4444444444', 1),
    (15, 'admin5', 'admin5@example.com', 'hashed_admin_password_5', '5555555555', 1),
    (16, 'admin6', 'admin6@example.com', 'hashed_admin_password_6', '6666666666', 1),
    (17, 'admin7', 'admin7@example.com', 'hashed_admin_password_7', '7777777777', 1),
    (18, 'admin8', 'admin8@example.com', 'hashed_admin_password_8', '8888888888', 1),
    (19, 'admin9', 'admin9@example.com', 'hashed_admin_password_9', '9999999999', 1),
    (20, 'admin10', 'admin10@example.com', 'hashed_admin_password_10', '0000000000', 1),
    (21, 'user11', 'user11@example.com', 'hashed_password_11', '1234567890', 0),
    (22, 'user12', 'user12@example.com', 'hashed_password_12', '2345678901', 0),
    (23, 'user13', 'user13@example.com', 'hashed_password_13', '3456789012', 0),
    (24, 'user14', 'user14@example.com', 'hashed_password_14', '4567890123', 0),
    (25, 'user15', 'user15@example.com', 'hashed_password_15', '5678901234', 0),
    (26, 'user16', 'user16@example.com', 'hashed_password_16', '6789012345', 0),
    (27, 'user17', 'user17@example.com', 'hashed_password_17', '7890123456', 0),
    (28, 'user18', 'user18@example.com', 'hashed_password_18', '8901234567', 0),
    (29, 'user19', 'user19@example.com', 'hashed_password_19', '9012345678', 0),
    (30, 'user20', 'user20@example.com', 'hashed_password_20', '0123456789', 0),
    (31, 'user21', 'user21@example.com', 'hashed_password_21', '1234567890', 0),
    (32, 'user22', 'user22@example.com', 'hashed_password_22', '2345678901', 0),
    (33, 'user23', 'user23@example.com', 'hashed_password_23', '3456789012', 0),
    (34, 'user24', 'user24@example.com', 'hashed_password_24', '4567890123', 0),
    (35, 'user25', 'user25@example.com', 'hashed_password_25', '5678901234', 0),
    (36, 'user26', 'user26@example.com', 'hashed_password_26', '6789012345', 0),
    (37, 'user27', 'user27@example.com', 'hashed_password_27', '7890123456', 0),
    (38, 'user28', 'user28@example.com', 'hashed_password_28', '8901234567', 0),
    (39, 'user29', 'user29@example.com', 'hashed_password_29', '9012345678', 0),
    (40, 'user30', 'user30@example.com', 'hashed_password_30', '0123456789', 0),
    (41, 'user31', 'user31@example.com', 'hashed_password_31', '1234567890', 0),
    (42, 'user32', 'user32@example.com', 'hashed_password_32', '2345678901', 0),
    (43, 'user33', 'user33@example.com', 'hashed_password_33', '3456789012', 0),
    (44, 'user34', 'user34@example.com', 'hashed_password_34', '4567890123', 0),
    (45, 'user35', 'user35@example.com', 'hashed_password_35', '5678901234', 0),
    (46, 'user36', 'user36@example.com', 'hashed_password_36', '6789012345', 0),
    (47, 'user37', 'user37@example.com', 'hashed_password_37', '7890123456', 0),
    (48, 'user38', 'user38@example.com', 'hashed_password_38', '8901234567', 0),
    (49, 'user39', 'user39@example.com', 'hashed_password_39', '9012345678', 0),
    (50, 'user40', 'user40@example.com', 'hashed_password_40', '0123456789', 0),
    (51, 'user41', 'user41@example.com', 'hashed_password_41', '1234567890', 0),
    (52, 'user42', 'user42@example.com', 'hashed_password_42', '2345678901', 0),
    (53, 'user43', 'user43@example.com', 'hashed_password_43', '3456789012', 0),
    (54, 'user44', 'user44@example.com', 'hashed_password_44', '4567890123', 0),
    (55, 'user45', 'user45@example.com', 'hashed_password_45', '5678901234', 0),
    (56, 'user46', 'user46@example.com', 'hashed_password_46', '6789012345', 0),
    (57, 'user47', 'user47@example.com', 'hashed_password_47', '7890123456', 0),
    (58, 'user48', 'user48@example.com', 'hashed_password_48', '8901234567', 0),
    (59, 'user49', 'user49@example.com', 'hashed_password_49', '9012345678', 0),
    (60, 'user50', 'user50@example.com', 'hashed_password_50', '0123456789', 0),
	(61, 'user51', 'user51@example.com', 'hashed_password_51', '1234567890', 0),
    (62, 'user52', 'user52@example.com', 'hashed_password_52', '2345678901', 0),
    (63, 'user53', 'user53@example.com', 'hashed_password_53', '3456789012', 0),
    (64, 'user54', 'user54@example.com', 'hashed_password_54', '4567890123', 0),
    (65, 'user55', 'user55@example.com', 'hashed_password_55', '5678901234', 0),
    (66, 'user56', 'user56@example.com', 'hashed_password_56', '6789012345', 0),
    (67, 'user57', 'user57@example.com', 'hashed_password_57', '7890123456', 0),
    (68, 'user58', 'user58@example.com', 'hashed_password_58', '8901234567', 0),
    (69, 'user59', 'user59@example.com', 'hashed_password_59', '9012345678', 0),
    (70, 'user60', 'user60@example.com', 'hashed_password_60', '0123456789', 0),
    (71, 'user61', 'user61@example.com', 'hashed_password_61', '1234567890', 0),
    (72, 'user62', 'user62@example.com', 'hashed_password_62', '2345678901', 0),
    (73, 'user63', 'user63@example.com', 'hashed_password_63', '3456789012', 0),
    (74, 'user64', 'user64@example.com', 'hashed_password_64', '4567890123', 0),
    (75, 'user65', 'user65@example.com', 'hashed_password_65', '5678901234', 0),
    (76, 'user66', 'user66@example.com', 'hashed_password_66', '6789012345', 0),
    (77, 'user67', 'user67@example.com', 'hashed_password_67', '7890123456', 0),
    (78, 'user68', 'user68@example.com', 'hashed_password_68', '8901234567', 0),
    (79, 'user69', 'user69@example.com', 'hashed_password_69', '9012345678', 0),
    (80, 'user70', 'user70@example.com', 'hashed_password_70', '0123456789', 0);

	-- Dữ liệu cho bảng Đặt phòng
INSERT INTO Bookings (booking_id, user_id, room_id, booking_date, checkin_date, checkout_date, payment_status, total_price)
VALUES
    (1, 1, 1, '2023-08-01', '2023-08-15', '2023-08-20', 1, 750.00),
    (2, 2, 5, '2023-08-02', '2023-08-10', '2023-08-15', 1, 500.00),
    (3, 3, 10, '2023-08-05', '2023-08-12', '2023-08-18', 0, 850.00),
    (4, 4, 20, '2023-08-07', '2023-08-25', '2023-08-30', 1, 1200.00),
    (5, 5, 25, '2023-08-10', '2023-08-20', '2023-08-25', 1, 600.00),
    (6, 6, 30, '2023-08-12', '2023-08-22', '2023-08-27', 0, 750.00),
    (7, 7, 35, '2023-08-15', '2023-08-18', '2023-08-23', 1, 450.00),
    (8, 8, 40, '2023-08-17', '2023-08-19', '2023-08-24', 1, 300.00),
    (9, 9, 45, '2023-08-20', '2023-08-30', '2023-09-05', 0, 700.00),
    (10, 10, 50, '2023-08-22', '2023-08-28', '2023-09-02', 1, 550.00),
    (11, 11, 55, '2023-08-25', '2023-09-01', '2023-09-06', 1, 600.00),
    (12, 12, 60, '2023-08-27', '2023-09-05', '2023-09-10', 0, 850.00),
    (13, 13, 65, '2023-08-30', '2023-09-08', '2023-09-13', 1, 750.00),
    (14, 14, 70, '2023-09-02', '2023-09-10', '2023-09-15', 1, 500.00),
    (15, 15, 75, '2023-09-05', '2023-09-15', '2023-09-20', 0, 900.00),
    (16, 16, 80, '2023-09-07', '2023-09-12', '2023-09-17', 1, 650.00),
    (17, 17, 85, '2023-09-10', '2023-09-18', '2023-09-23', 1, 550.00),
    (18, 18, 90, '2023-09-12', '2023-09-20', '2023-09-25', 0, 750.00),
    (19, 19, 95, '2023-09-15', '2023-09-22', '2023-09-27', 1, 600.00),
    (20, 20, 100, '2023-09-18', '2023-09-25', '2023-09-30', 1, 700.00),
    (21, 21, 105, '2023-09-20', '2023-09-28', '2023-10-03', 0, 800.00),
    (22, 22, 110, '2023-09-23', '2023-09-30', '2023-10-05', 1, 750.00),
    (23, 23, 115, '2023-09-25', '2023-10-02', '2023-10-07', 1, 550.00),
    (24, 24, 120, '2023-09-28', '2023-10-05', '2023-10-10', 0, 600.00),
    (25, 25, 125, '2023-09-30', '2023-10-08', '2023-10-13', 1, 700.00),
    (26, 26, 130, '2023-10-03', '2023-10-10', '2023-10-15', 1, 800.00),
    (27, 27, 135, '2023-10-05', '2023-10-12', '2023-10-17', 0, 750.00),
    (28, 28, 140, '2023-10-08', '2023-10-15', '2023-10-20', 1, 600.00),
    (29, 29, 145, '2023-10-10', '2023-10-18', '2023-10-23', 1, 650.00),
    (30, 30, 150, '2023-10-13', '2023-10-20', '2023-10-25', 0, 700.00),
    (31, 31, 155, '2023-10-15', '2023-10-22', '2023-10-27', 1, 800.00),
    (32, 32, 160, '2023-10-18', '2023-10-25', '2023-10-30', 1, 750.00),
    (33, 33, 165, '2023-10-20', '2023-10-28', '2023-11-02', 0, 600.00),
    (34, 34, 170, '2023-10-23', '2023-10-30', '2023-11-04', 1, 650.00),
    (35, 35, 175, '2023-10-25', '2023-11-01', '2023-11-06', 1, 700.00),
    (36, 36, 180, '2023-10-28', '2023-11-05', '2023-11-10', 0, 800.00),
    (37, 37, 185, '2023-10-30', '2023-11-08', '2023-11-13', 1, 750.00),
    (38, 38, 190, '2023-11-02', '2023-11-10', '2023-11-15', 1, 600.00),
    (39, 39, 195, '2023-11-05', '2023-11-12', '2023-11-17', 0, 650.00),
    (40, 40, 200, '2023-11-07', '2023-11-15', '2023-11-20', 1, 700.00),
    (41, 41, 205, '2023-11-10', '2023-11-17', '2023-11-22', 1, 800.00),
    (42, 42, 210, '2023-11-12', '2023-11-20', '2023-11-25', 0, 750.00),
    (43, 43, 215, '2023-11-15', '2023-11-22', '2023-11-27', 1, 600.00),
    (44, 44, 220, '2023-11-17', '2023-11-25', '2023-11-30', 1, 650.00),
    (45, 45, 225, '2023-11-20', '2023-11-27', '2023-12-02', 0, 700.00),
    (46, 46, 230, '2023-11-22', '2023-11-30', '2023-12-05', 1, 800.00),
    (47, 47, 235, '2023-11-25', '2023-12-02', '2023-12-07', 1, 750.00),
    (48, 48, 240, '2023-11-27', '2023-12-05', '2023-12-10', 0, 600.00),
    (49, 49, 245, '2023-11-30', '2023-12-07', '2023-12-12', 1, 650.00),
    (50, 50, 250, '2023-12-02', '2023-12-10', '2023-12-15', 1, 700.00);


	-- Thêm dữ liệu mẫu vào bảng Thanh toán
INSERT INTO Payments (payment_id, booking_id, payment_date, payment_amount, payment_method)
VALUES
    (1, 1, '2023-09-05', 500.00, 'credit_card'),
    (2, 2, '2023-09-06', 600.00, 'paypal'),
    (3, 3, '2023-09-07', 700.00, 'credit_card'),
    (4, 4, '2023-09-08', 800.00, 'paypal'),
    (5, 5, '2023-09-09', 900.00, 'credit_card'),
    (6, 6, '2023-09-10', 1000.00, 'paypal'),
    (7, 7, '2023-09-11', 1100.00, 'credit_card'),
    (8, 8, '2023-09-12', 1200.00, 'paypal'),
    (9, 9, '2023-09-13', 1300.00, 'credit_card'),
    (10, 10, '2023-09-14', 1400.00, 'paypal'),
    (11, 11, '2023-09-15', 1500.00, 'credit_card'),
    (12, 12, '2023-09-16', 1600.00, 'paypal'),
    (13, 13, '2023-09-17', 1700.00, 'credit_card'),
    (14, 14, '2023-09-18', 1800.00, 'paypal'),
    (15, 15, '2023-09-19', 1900.00, 'credit_card'),
    (16, 16, '2023-09-20', 2000.00, 'paypal'),
    (17, 17, '2023-09-21', 2100.00, 'credit_card'),
    (18, 18, '2023-09-22', 2200.00, 'paypal'),
    (19, 19, '2023-09-23', 2300.00, 'credit_card'),
    (20, 20, '2023-09-24', 2400.00, 'paypal'),
    (21, 21, '2023-09-25', 2500.00, 'credit_card'),
    (22, 22, '2023-09-26', 2600.00, 'paypal'),
    (23, 23, '2023-09-27', 2700.00, 'credit_card'),
    (24, 24, '2023-09-28', 2800.00, 'paypal'),
    (25, 25, '2023-09-29', 2900.00, 'credit_card'),
    (26, 26, '2023-09-30', 3000.00, 'paypal'),
    (27, 27, '2023-10-01', 3100.00, 'credit_card'),
    (28, 28, '2023-10-02', 3200.00, 'paypal'),
    (29, 29, '2023-10-03', 3300.00, 'credit_card'),
    (30, 30, '2023-10-04', 3400.00, 'paypal'),
    (31, 1, '2023-10-05', 3500.00, 'credit_card'),
    (32, 2, '2023-10-06', 3600.00, 'paypal'),
    (33, 3, '2023-10-07', 3700.00, 'credit_card'),
    (34, 4, '2023-10-08', 3800.00, 'paypal'),
    (35, 5, '2023-10-09', 3900.00, 'credit_card'),
    (36, 6, '2023-10-10', 4000.00, 'paypal'),
    (37, 7, '2023-10-11', 4100.00, 'credit_card'),
    (38, 8, '2023-10-12', 4200.00, 'paypal'),
    (39, 9, '2023-10-13', 4300.00, 'credit_card'),
    (40, 10, '2023-10-14', 4400.00, 'paypal'),
    (41, 11, '2023-10-15', 4500.00, 'credit_card'),
    (42, 12, '2023-10-16', 4600.00, 'paypal'),
    (43, 13, '2023-10-17', 4700.00, 'credit_card'),
    (44, 14, '2023-10-18', 4800.00, 'paypal'),
    (45, 15, '2023-10-19', 4900.00, 'credit_card'),
    (46, 16, '2023-10-20', 5000.00, 'paypal'),
    (47, 17, '2023-10-21', 5100.00, 'credit_card'),
    (48, 18, '2023-10-22', 5200.00, 'paypal'),
    (49, 19, '2023-10-23', 5300.00, 'credit_card'),
    (50, 20, '2023-10-24', 5400.00, 'paypal');

	-- Thêm dữ liệu mẫu vào bảng Quản trị viên
INSERT INTO Admins (admin_id, username, email, password, full_name, access_level)
VALUES
    (1, 'admin1', 'admin1@example.com', 'hashed_password', 'Admin User 1', 'admin'),
    (2, 'admin2', 'admin2@example.com', 'hashed_password', 'Admin User 2', 'admin'),
    (3, 'admin3', 'admin3@example.com', 'hashed_password', 'Admin User 3', 'admin'),
    (4, 'admin4', 'admin4@example.com', 'hashed_password', 'Admin User 4', 'admin'),
    (5, 'admin5', 'admin5@example.com', 'hashed_password', 'Admin User 5', 'admin'),
    (6, 'admin6', 'admin6@example.com', 'hashed_password', 'Admin User 6', 'admin'),
    (7, 'admin7', 'admin7@example.com', 'hashed_password', 'Admin User 7', 'admin'),
    (8, 'admin8', 'admin8@example.com', 'hashed_password', 'Admin User 8', 'admin'),
    (9, 'admin9', 'admin9@example.com', 'hashed_password', 'Admin User 9', 'admin'),
    (10, 'admin10', 'admin10@example.com', 'hashed_password', 'Admin User 10', 'admin'),
    (11, 'admin11', 'admin11@example.com', 'hashed_password', 'Admin User 11', 'admin'),
    (12, 'admin12', 'admin12@example.com', 'hashed_password', 'Admin User 12', 'admin'),
    (13, 'admin13', 'admin13@example.com', 'hashed_password', 'Admin User 13', 'admin'),
    (14, 'admin14', 'admin14@example.com', 'hashed_password', 'Admin User 14', 'admin'),
    (15, 'admin15', 'admin15@example.com', 'hashed_password', 'Admin User 15', 'admin');
	
